date,campaign_id,campaign_name,impressions,clicks,cost,orders,sales,ctr,cpc,cvr,acos,roas,zero_sales_spend_flag,spend_share_daily,sales_share_daily,share_gap_daily,spend_share_total,sales_share_total,share_gap_total,cost_d1,cost_d7,cost_z,cost_spike,sales_d1,sales_d7,sales_z,sales_spike,roas_d1,roas_d7,roas_z,roas_spike,acos_d1,acos_d7,acos_z,acos_spike
2020-02-21,Face Wash || SP || Auto || 21st Feb'20,Face Wash || SP || Auto || 21st Feb'20,187,0,0.0,0,0.0,0.0,,,,,False,0.0,0.0,0.0,0.0,0.0,0.0,,,,False,,,,False,,,,False,,,,False
2020-02-22,Face Wash || SP || Auto || 21st Feb'20,Face Wash || SP || Auto || 21st Feb'20,244,0,0.0,0,0.0,0.0,,,,,False,0.0,0.0,0.0,0.0,0.0,0.0,0.0,,,False,0.0,,,False,,,,False,,,,False
2020-02-23,Face Wash || SP || Auto || 21st Feb'20,Face Wash || SP || Auto || 21st Feb'20,437,0,0.0,0,0.0,0.0,,,,,False,0.0,0.0,0.0,0.0,0.0,0.0,0.0,,,False,0.0,,,False,,,,False,,,,False
2020-02-24,Face Wash || SP || Auto || 21st Feb'20,Face Wash || SP || Auto || 21st Feb'20,271,0,0.0,0,0.0,0.0,,,,,False,0.0,0.0,0.0,0.0,0.0,0.0,0.0,0.0,,False,0.0,0.0,,False,,,,False,,,,False
2020-02-25,Face Wash || SP || Auto || 21st Feb'20,Face Wash || SP || Auto || 21st Feb'20,478,0,0.0,0,0.0,0.0,,,,,False,0.0,0.0,0.0,0.0,0.0,0.0,0.0,0.0,,False,0.0,0.0,,False,,,,False,,,,False
2020-02-26,Face Wash || SP || Auto || 21st Feb'20,Face Wash || SP || Auto || 21st Feb'20,160,0,0.0,0,0.0,0.0,,,,,False,0.0,0.0,0.0,0.0,0.0,0.0,0.0,0.0,,False,0.0,0.0,,False,,,,False,,,,False
2020-02-27,Face Wash || SP || Auto || 21st Feb'20,Face Wash || SP || Auto || 21st Feb'20,473,0,0.0,0,0.0,0.0,,,,,False,0.0,0.0,0.0,0.0,0.0,0.0,0.0,0.0,,False,0.0,0.0,,False,,,,False,,,,False
2020-02-28,Face Wash || SP || Auto || 21st Feb'20,Face Wash || SP || Auto || 21st Feb'20,257,2,2.17,2,532.2,0.007782101167315175,1.085,1.0,0.004077414505824877,245.25345622119818,False,0.0009833643750198258,0.06375133863436536,-0.06276797425934554,4.606424539973151e-05,0.0074820950597225,-0.007436030814322769,2.17,2.17,2.6457513110645907,True,532.2,532.2,2.6457513110645907,True,,,,False,,,,False
2020-02-29,Face Wash || SP || Auto || 21st Feb'20,Face Wash || SP || Auto || 21st Feb'20,378,1,25.6,0,0.0,0.0026455026455026454,25.6,0.0,,0.0,True,0.009726480723710958,0.0,0.009726480723710958,0.0005434307291396898,0.0,0.0005434307291396898,23.43,25.290000000000003,2.818264126018402,True,-532.2,-76.02857142857144,-0.3535533905932738,False,-245.25345622119818,,,False,,,,False
2020-02-21,Hair Oil || SP || Generic || 21st feb'20,Hair Oil || SP || Generic || 21st feb'20,11193,14,835.53,0,0.0,0.0012507817385866166,59.68071428571428,0.0,,0.0,True,0.23731860903056484,0.0,0.23731860903056484,0.017736432699925194,0.0,0.017736432699925194,,,,False,,,,False,,,,False,,,,False
2020-02-22,Hair Oil || SP || Generic || 21st feb'20,Hair Oil || SP || Generic || 21st feb'20,11542,17,1143.01,1,311.61,0.0014728816496274476,67.23588235294118,0.058823529411764705,3.6680786881037193,0.27262228676914463,False,0.25231618937455713,0.09491478960113309,0.15740139977342404,0.024263545223201437,0.004380863663209561,0.01988268155999188,307.48,,,False,311.61,,,False,0.27262228676914463,,,False,,,,False
2020-02-23,Hair Oil || SP || Generic || 21st feb'20,Hair Oil || SP || Generic || 21st feb'20,17270,21,1253.62,1,311.61,0.0012159814707585407,59.69619047619047,0.047619047619047616,4.023041622540997,0.24856814664730942,False,0.34904998440771595,0.17139415540484793,0.17765582900286803,0.02661154807281632,0.004380863663209561,0.02223068440960676,110.6099999999999,,,False,0.0,,,False,-0.02405414012183521,,,False,0.35496293443727733,,,False
2020-02-24,Hair Oil || SP || Generic || 21st feb'20,Hair Oil || SP || Generic || 21st feb'20,9755,42,2140.9,1,311.61,0.004305484366991286,50.97380952380953,0.023809523809523808,6.870447033150413,0.14555093652202344,False,0.5486181403513267,0.2584237981108135,0.2901943422405132,0.04544651750059226,0.004380863663209561,0.0410656538373827,887.2800000000002,1063.5133333333335,,False,0.0,103.87,,False,-0.10301721012528597,-0.028179207950127932,,False,2.847405410609416,,,False
2020-02-25,Hair Oil || SP || Generic || 21st feb'20,Hair Oil || SP || Generic || 21st feb'20,12243,43,2214.54,0,0.0,0.0035122110593808708,51.50093023255814,0.0,,0.0,True,0.4427787086170838,0.0,0.4427787086170838,0.047009729957383145,0.0,0.047009729957383145,73.63999999999987,871.2750000000001,,False,-311.61,-233.7075,,False,-0.14555093652202344,-0.16668534248461936,,False,,,,False
2020-02-26,Hair Oil || SP || Generic || 21st feb'20,Hair Oil || SP || Generic || 21st feb'20,11150,40,2097.59,0,0.0,0.003587443946188341,52.439750000000004,0.0,,0.0,True,0.5712966720502883,0.0,0.5712966720502883,0.044527143091254766,0.0,0.044527143091254766,-116.94999999999982,580.0700000000002,,False,0.0,-186.966,,False,0.0,-0.1333482739876955,,False,,,,False
2020-02-27,Hair Oil || SP || Generic || 21st feb'20,Hair Oil || SP || Generic || 21st feb'20,9360,35,1879.75,1,311.61,0.0037393162393162395,53.707142857142856,0.02857142857142857,6.032380218863323,0.16577204415480784,False,0.4993107002170165,0.13077362117155303,0.3685370790454635,0.039902887230481715,0.004380863663209561,0.03552202356727215,-217.84000000000015,265.5516666666665,0.4380124003226081,False,311.61,155.805,0.8660254037844386,False,0.16577204415480784,0.054648482498394935,0.4231844602054115,False,,1.1785244375982797,,False
2020-02-28,Hair Oil || SP || Generic || 21st feb'20,Hair Oil || SP || Generic || 21st feb'20,4321,5,287.99,0,0.0,0.0011571395510298543,57.598,0.0,,0.0,True,0.1305065006276312,0.0,0.1305065006276312,0.00611338342519294,0.0,0.00611338342519294,-1591.76,-1364.1442857142858,-1.7998238865536749,False,-311.61,-178.06285714285715,-1.0,False,-0.16577204415480784,-0.11893048772761218,-0.9395588281663598,False,,,,False
2020-02-29,Hair Oil || SP || Generic || 21st feb'20,Hair Oil || SP || Generic || 21st feb'20,2443,3,180.66,0,0.0,0.0012279983626688497,60.22,0.0,,0.0,True,0.06864007841975084,0.0,0.06864007841975084,0.0038350076377490763,0.0,0.0038350076377490763,-107.33000000000001,-1393.2542857142855,-1.5479236362524138,False,0.0,-178.06285714285715,-0.8944271909999159,False,0.0,-0.11893048772761218,-0.8453364769976842,False,,,,False
2020-02-17,Hair Oil || SP|| Automatic || 17th Feb'20,Hair Oil || SP|| Automatic || 17th Feb'20,78,0,0.0,0,0.0,0.0,,,,,False,0.0,0.0,0.0,0.0,0.0,0.0,,,,False,,,,False,,,,False,,,,False
2020-02-18,Hair Oil || SP|| Automatic || 17th Feb'20,Hair Oil || SP|| Automatic || 17th Feb'20,365,0,0.0,0,0.0,0.0,,,,,False,0.0,0.0,0.0,0.0,0.0,0.0,0.0,,,False,0.0,,,False,,,,False,,,,False
2020-02-19,Hair Oil || SP|| Automatic || 17th Feb'20,Hair Oil || SP|| Automatic || 17th Feb'20,220,0,0.0,0,0.0,0.0,,,,,False,0.0,0.0,0.0,0.0,0.0,0.0,0.0,,,False,0.0,,,False,,,,False,,,,False
2020-02-20,Hair Oil || SP|| Automatic || 17th Feb'20,Hair Oil || SP|| Automatic || 17th Feb'20,258,0,0.0,0,0.0,0.0,,,,,False,0.0,0.0,0.0,0.0,0.0,0.0,0.0,0.0,,False,0.0,0.0,,False,,,,False,,,,False
2020-02-21,Hair Oil || SP|| Automatic || 17th Feb'20,Hair Oil || SP|| Automatic || 17th Feb'20,2856,4,106.03,0,0.0,0.0014005602240896359,26.5075,0.0,,0.0,True,0.030116084539766125,0.0,0.030116084539766125,0.0022507796957297386,0.0,0.0022507796957297386,106.03,106.03,,False,0.0,0.0,,False,,,,False,,,,False
2020-02-22,Hair Oil || SP|| Automatic || 17th Feb'20,Hair Oil || SP|| Automatic || 17th Feb'20,10829,8,243.19,0,0.0,0.0007387570412780497,30.39875,0.0,,0.0,True,0.05368349716450298,0.0,0.05368349716450298,0.005162379649198482,0.0,0.005162379649198482,137.16,221.984,,False,0.0,0.0,,False,0.0,,,False,,,,False
2020-02-23,Hair Oil || SP|| Automatic || 17th Feb'20,Hair Oil || SP|| Automatic || 17th Feb'20,12716,13,331.65,0,0.0,0.0010223340673167663,25.51153846153846,0.0,,0.0,True,0.09234251793112665,0.0,0.09234251793112665,0.007040187551530395,0.0,0.007040187551530395,88.45999999999998,273.44666666666666,1.8354327055530977,False,0.0,0.0,,False,0.0,,,False,,,,False
2020-02-24,Hair Oil || SP|| Automatic || 17th Feb'20,Hair Oil || SP|| Automatic || 17th Feb'20,3375,7,278.47,0,0.0,0.002074074074074074,39.78142857142858,0.0,,0.0,True,0.07135956539008546,0.0,0.07135956539008546,0.005911295122794118,0.0,0.005911295122794118,-53.17999999999995,181.20285714285717,1.1864060726203207,False,0.0,0.0,,False,0.0,0.0,,False,,,,False
2020-02-25,Hair Oil || SP|| Automatic || 17th Feb'20,Hair Oil || SP|| Automatic || 17th Feb'20,9530,25,705.83,0,0.0,0.0026232948583420775,28.2332,0.0,,0.0,True,0.14112479156086424,0.0,0.14112479156086424,0.014983191857369814,0.0,0.014983191857369814,427.36,568.7814285714286,2.3342555014932835,False,0.0,0.0,,False,0.0,0.0,,False,,,,False
2020-02-26,Hair Oil || SP|| Automatic || 17th Feb'20,Hair Oil || SP|| Automatic || 17th Feb'20,3006,10,321.85,0,0.0,0.00332667997338656,32.185,0.0,,0.0,True,0.08765861483864115,0.0,0.08765861483864115,0.006832155475531608,0.0,0.006832155475531608,-383.98,83.96857142857144,0.571159146011646,False,0.0,0.0,,False,0.0,0.0,,False,,,,False
2020-02-27,Hair Oil || SP|| Automatic || 17th Feb'20,Hair Oil || SP|| Automatic || 17th Feb'20,1993,2,81.08,0,0.0,0.0010035122930255895,40.54,0.0,,0.0,True,0.021536965859074716,0.0,0.021536965859074716,0.0017211470124471112,0.0,0.0017211470124471112,-240.77000000000004,-202.78000000000003,-0.5132455421630906,False,0.0,0.0,,False,0.0,0.0,,False,,,,False
2020-02-28,Hair Oil || SP|| Automatic || 17th Feb'20,Hair Oil || SP|| Automatic || 17th Feb'20,161,0,0.0,0,0.0,0.0,,,,,False,0.0,0.0,0.0,0.0,0.0,0.0,-81.08,-295.4428571428571,-0.836095809317023,False,0.0,0.0,,False,,,,False,,,,False
2020-02-29,Hair Oil || SP|| Automatic || 17th Feb'20,Hair Oil || SP|| Automatic || 17th Feb'20,20,0,0.0,0,0.0,0.0,,,,,False,0.0,0.0,0.0,0.0,0.0,0.0,0.0,-280.2957142857143,-0.7825306302966212,False,0.0,0.0,,False,,,,False,,,,False
2020-02-17,Night Cream || SP || Automatic || 22nd Nov'19,Night Cream || SP || Automatic || 22nd Nov'19,80,0,0.0,0,0.0,0.0,,,,,False,0.0,0.0,0.0,0.0,0.0,0.0,,,,False,,,,False,,,,False,,,,False
2020-02-18,Night Cream || SP || Automatic || 22nd Nov'19,Night Cream || SP || Automatic || 22nd Nov'19,148,2,23.19,0,0.0,0.013513513513513514,11.595,0.0,,0.0,True,0.029660420796828037,0.0,0.029660420796828037,0.0004922718206542737,0.0,0.0004922718206542737,23.19,,,False,0.0,,,False,,,,False,,,,False
2020-02-19,Night Cream || SP || Automatic || 22nd Nov'19,Night Cream || SP || Automatic || 22nd Nov'19,195,0,0.0,0,0.0,0.0,,,,,False,0.0,0.0,0.0,0.0,0.0,0.0,-23.19,,,False,0.0,,,False,,,,False,,,,False
2020-02-20,Night Cream || SP || Automatic || 22nd Nov'19,Night Cream || SP || Automatic || 22nd Nov'19,246,1,7.96,0,0.0,0.0040650406504065045,7.96,0.0,,0.0,True,0.010077224965185465,0.0,0.010077224965185465,0.00016897299234187228,0.0,0.00016897299234187228,7.96,0.22999999999999954,,False,0.0,0.0,,False,,,,False,,,,False
2020-02-21,Night Cream || SP || Automatic || 22nd Nov'19,Night Cream || SP || Automatic || 22nd Nov'19,7558,11,342.02,1,660.17,0.0014554114845197143,31.09272727272727,0.09090909090909091,0.5180786767044853,1.9302087597216537,False,0.0971451781032803,0.15555775479571807,-0.05841257669243777,0.007260319452357683,0.00928120010442879,-0.0020208806520711073,334.06,334.23249999999996,,False,660.17,660.17,,False,1.9302087597216537,,,False,,,,False
2020-02-22,Night Cream || SP || Automatic || 22nd Nov'19,Night Cream || SP || Automatic || 22nd Nov'19,5739,14,434.69,0,0.0,0.0024394493814253355,31.049285714285713,0.0,,0.0,True,0.0959565746224672,0.0,0.0959565746224672,0.009227496236317646,0.0,0.009227496236317646,92.67000000000002,360.05600000000004,,False,-660.17,-132.034,,False,-1.9302087597216537,-0.6434029199072179,,False,,,,False
2020-02-23,Night Cream || SP || Automatic || 22nd Nov'19,Night Cream || SP || Automatic || 22nd Nov'19,6078,14,585.13,0,0.0,0.002303389272787101,41.795,0.0,,0.0,True,0.1629198779346906,0.0,0.1629198779346906,0.012421000880527604,0.0,0.012421000880527604,150.44,450.4866666666667,1.6756489393403633,False,0.0,-110.02833333333332,-0.408248290463863,False,0.0,-0.48255218993041343,,False,,,,False
2020-02-24,Night Cream || SP || Automatic || 22nd Nov'19,Night Cream || SP || Automatic || 22nd Nov'19,3931,9,362.95,0,0.0,0.0022894937674891886,40.327777777777776,0.0,,0.0,True,0.09300805924635154,0.0,0.09300805924635154,0.007704616528955093,0.0,0.007704616528955093,-222.18,163.95142857142855,0.6454226384132086,False,0.0,-94.30999999999999,-0.37796447300922725,False,0.0,-0.38604175194433077,,False,,,,False
2020-02-25,Night Cream || SP || Automatic || 22nd Nov'19,Night Cream || SP || Automatic || 22nd Nov'19,4267,11,319.19,0,0.0,0.002577923599718772,29.017272727272726,0.0,,0.0,True,0.06381936474549431,0.0,0.06381936474549431,0.0067756896263319365,0.0,0.0067756896263319365,-43.75999999999999,68.34142857142857,0.4182424928873946,False,0.0,-94.30999999999999,-0.35355339059327384,False,0.0,-0.32170145995360894,-0.40824829046386296,False,,,,False
2020-02-26,Night Cream || SP || Automatic || 22nd Nov'19,Night Cream || SP || Automatic || 22nd Nov'19,1883,2,34.1,0,0.0,0.0010621348911311736,17.05,0.0,,0.0,True,0.009287428199464542,0.0,0.009287428199464542,0.0007238667134243525,0.0,0.0007238667134243525,-285.09,-259.0342857142857,-0.8441186104963593,False,0.0,-94.30999999999999,-0.3333333333333333,False,0.0,-0.32170145995360894,-0.3779644730092272,False,,,,False
2020-02-27,Night Cream || SP || Automatic || 22nd Nov'19,Night Cream || SP || Automatic || 22nd Nov'19,2176,9,173.9,0,0.0,0.004136029411764706,19.322222222222223,0.0,,0.0,True,0.04619238237411314,0.0,0.04619238237411314,0.0036915079608356273,0.0,0.0036915079608356273,139.8,-124.1057142857143,-0.16827678865006426,False,0.0,-94.30999999999999,-0.31622776601683794,False,0.0,-0.2757441085316648,-0.3535533905932738,False,,,,False
2020-02-28,Night Cream || SP || Automatic || 22nd Nov'19,Night Cream || SP || Automatic || 22nd Nov'19,1594,7,135.26,2,1320.34,0.00439146800501882,19.322857142857142,0.2857142857142857,0.10244331005650059,9.761496377347331,False,0.06129486883188094,0.1581612973553137,-0.09686642852343276,0.0028712672040404077,0.01856240020885758,-0.015691133004817174,-38.640000000000015,-186.4514285714286,-0.3442083329852607,False,1320.34,1226.03,2.9405881764588204,True,9.761496377347331,9.485752268815666,2.941216468321236,True,,,,False
2020-02-29,Night Cream || SP || Automatic || 22nd Nov'19,Night Cream || SP || Automatic || 22nd Nov'19,1992,3,53.2,0,0.0,0.0015060240963855422,17.733333333333334,0.0,,0.0,True,0.020212842753961836,0.0,0.020212842753961836,0.0011293169839934178,0.0,0.0011293169839934178,-82.05999999999999,-238.9742857142857,-0.7238502178180299,False,-1320.34,-188.61999999999998,-0.4008918628686366,False,-9.761496377347331,-1.3944994824781902,-0.37884246012622214,False,,,,False
2020-02-21,Night Cream || SP || Generic || 24th Nov'19,Night Cream || SP || Generic || 24th Nov'19,4768,4,176.18,0,0.0,0.0008389261744966443,44.045,0.0,,0.0,True,0.05004104285783265,0.0,0.05004104285783265,0.003739907260149631,0.0,0.003739907260149631,,,,False,,,,False,,,,False,,,,False
2020-02-22,Night Cream || SP || Generic || 24th Nov'19,Night Cream || SP || Generic || 24th Nov'19,3880,12,480.41,0,0.0,0.003092783505154639,40.03416666666667,0.0,,0.0,True,0.10604913389859319,0.0,0.10604913389859319,0.010198029554140562,0.0,0.010198029554140562,304.23,,,False,0.0,,,False,0.0,,,False,,,,False
2020-02-23,Night Cream || SP || Generic || 24th Nov'19,Night Cream || SP || Generic || 24th Nov'19,2517,6,289.91,0,0.0,0.0023837902264600714,48.318333333333335,0.0,,0.0,True,0.08072069764333764,0.0,0.08072069764333764,0.006154140729878417,0.0,0.006154140729878417,-190.5,,,False,0.0,,,False,0.0,,,False,,,,False
2020-02-24,Night Cream || SP || Generic || 24th Nov'19,Night Cream || SP || Generic || 24th Nov'19,2950,8,350.9,0,0.0,0.002711864406779661,43.8625,0.0,,0.0,True,0.08992017630402192,0.0,0.08992017630402192,0.0074488219865280125,0.0,0.0074488219865280125,60.98999999999995,35.39999999999998,,False,0.0,0.0,,False,0.0,0.0,,False,,,,False
2020-02-25,Night Cream || SP || Generic || 24th Nov'19,Night Cream || SP || Generic || 24th Nov'19,2764,11,338.46,0,0.0,0.003979739507959479,30.769090909090906,0.0,,0.0,True,0.06767223970600585,0.0,0.06767223970600585,0.007184748616586695,0.0,0.007184748616586695,-12.439999999999998,14.109999999999957,,False,0.0,0.0,,False,0.0,0.0,,False,,,,False
2020-02-26,Night Cream || SP || Generic || 24th Nov'19,Night Cream || SP || Generic || 24th Nov'19,1071,3,115.78,0,0.0,0.0028011204481792717,38.593333333333334,0.0,,0.0,True,0.03153367850246348,0.0,0.03153367850246348,0.0024577503835856752,0.0,0.0024577503835856752,-222.67999999999998,-211.39200000000002,,False,0.0,0.0,,False,0.0,0.0,,False,,,,False
2020-02-27,Night Cream || SP || Generic || 24th Nov'19,Night Cream || SP || Generic || 24th Nov'19,1723,4,185.7,0,0.0,0.0023215322112594312,46.425,0.0,,0.0,True,0.049326770597313455,0.0,0.049326770597313455,0.0039419955625484525,0.0,0.0039419955625484525,69.91999999999999,-106.24000000000001,-0.7805595962544578,False,0.0,0.0,,False,0.0,0.0,,False,,,,False
2020-02-28,Night Cream || SP || Generic || 24th Nov'19,Night Cream || SP || Generic || 24th Nov'19,2325,2,64.23,0,0.0,0.0008602150537634409,32.115,0.0,,0.0,True,0.029106679173973925,0.0,0.029106679173973925,0.001363459208306339,0.0,0.001363459208306339,-121.46999999999998,-212.5328571428571,-1.4326483512643737,False,0.0,0.0,,False,0.0,0.0,,False,,,,False
2020-02-29,Night Cream || SP || Generic || 24th Nov'19,Night Cream || SP || Generic || 24th Nov'19,2498,5,119.39,0,0.0,0.0020016012810248197,23.878,0.0,,0.0,True,0.04536111459390044,0.0,0.04536111459390044,0.002534382607499514,0.0,0.002534382607499514,55.16,-141.38,-0.9006234485018616,False,0.0,0.0,,False,0.0,0.0,,False,,,,False
2020-02-01,Pain Relief Oil || SP || Automatic || 22nd Nov'19,Pain Relief Oil || SP || Automatic || 22nd Nov'19,960,3,37.82,0,0.0,0.003125,12.606666666666667,0.0,,0.0,True,0.053016709655713805,0.0,0.053016709655713805,0.0008028339912524636,0.0,0.0008028339912524636,,,,False,,,,False,,,,False,,,,False
2020-02-02,Pain Relief Oil || SP || Automatic || 22nd Nov'19,Pain Relief Oil || SP || Automatic || 22nd Nov'19,1574,1,12.76,0,0.0,0.0006353240152477764,12.76,0.0,,0.0,True,0.01119602698979547,0.0,0.01119602698979547,0.0002708662540555641,0.0,0.0002708662540555641,-25.060000000000002,,,False,0.0,,,False,0.0,,,False,,,,False
2020-02-03,Pain Relief Oil || SP || Automatic || 22nd Nov'19,Pain Relief Oil || SP || Automatic || 22nd Nov'19,1931,6,61.04,0,0.0,0.0031071983428275505,10.173333333333334,0.0,,0.0,True,0.12861085944248962,0.0,0.12861085944248962,0.0012957426447924479,0.0,0.0012957426447924479,48.28,,,False,0.0,,,False,0.0,,,False,,,,False
2020-02-04,Pain Relief Oil || SP || Automatic || 22nd Nov'19,Pain Relief Oil || SP || Automatic || 22nd Nov'19,1312,0,0.0,0,0.0,0.0,,,,,False,0.0,0.0,0.0,0.0,0.0,0.0,-61.04,-37.20666666666667,,False,0.0,0.0,,False,,,,False,,,,False
2020-02-05,Pain Relief Oil || SP || Automatic || 22nd Nov'19,Pain Relief Oil || SP || Automatic || 22nd Nov'19,1063,2,14.84,0,0.0,0.0018814675446848542,7.42,0.0,,0.0,True,0.021341770331487743,0.0,0.021341770331487743,0.0003150200007981639,0.0,0.0003150200007981639,14.84,-13.065000000000001,,False,0.0,0.0,,False,,0.0,,False,,,,False
2020-02-06,Pain Relief Oil || SP || Automatic || 22nd Nov'19,Pain Relief Oil || SP || Automatic || 22nd Nov'19,1415,3,19.85,0,0.0,0.0021201413427561835,6.616666666666667,0.0,,0.0,True,0.03607254488623974,0.0,0.03607254488623974,0.0004213710927118298,0.0,0.0004213710927118298,5.010000000000002,-5.441999999999997,,False,0.0,0.0,,False,0.0,0.0,,False,,,,False
2020-02-07,Pain Relief Oil || SP || Automatic || 22nd Nov'19,Pain Relief Oil || SP || Automatic || 22nd Nov'19,1608,1,10.6,1,320.54,0.0006218905472636816,10.6,1.0,0.033069195732201906,30.23962264150944,False,0.017543278938135114,0.25000000000000006,-0.23245672106186493,0.00022501428628440278,0.004506408775729895,-0.004281394489445493,-9.250000000000002,-13.785000000000002,-0.6217062790168894,False,320.54,320.54,2.449489742783178,False,30.23962264150944,30.23962264150944,,False,,,,False
2020-02-08,Pain Relief Oil || SP || Automatic || 22nd Nov'19,Pain Relief Oil || SP || Automatic || 22nd Nov'19,1016,3,30.38,1,320.54,0.002952755905511811,10.126666666666667,0.3333333333333333,0.09477756286266924,10.551020408163266,False,0.05145838273654257,0.09090909090909091,-0.039450708172548345,0.0006448994355962413,0.004506408775729895,-0.003861509340133654,19.78,7.964285714285715,0.3877582935577651,False,0.0,274.74857142857144,1.7320508075688772,False,-19.688602233346174,5.511083301245026,0.4452039093183488,False,0.06170836713046733,,,False
2020-02-09,Pain Relief Oil || SP || Automatic || 22nd Nov'19,Pain Relief Oil || SP || Automatic || 22nd Nov'19,1613,2,20.71,0,0.0,0.0012399256044637321,10.355,0.0,,0.0,True,0.02709668978149941,0.0,0.02709668978149941,0.0004396269687688662,0.0,0.0004396269687688662,-9.669999999999998,-0.6428571428571423,-0.14153059761585984,False,-320.54,-91.58285714285715,-0.5345224838248488,False,-10.551020408163266,-6.798440508278784,-0.5043114697041718,False,,,,False
2020-02-10,Pain Relief Oil || SP || Automatic || 22nd Nov'19,Pain Relief Oil || SP || Automatic || 22nd Nov'19,1789,3,27.19,0,0.0,0.0016769144773616546,9.063333333333334,0.0,,0.0,True,0.03650987606246559,0.0,0.03650987606246559,0.0005771828720823502,0.0,0.0005771828720823502,6.48,4.7014285714285755,0.2274309801147698,False,0.0,-91.58285714285715,-0.5,False,0.0,-6.798440508278784,-0.4688904060143225,False,,,,False
2020-02-11,Pain Relief Oil || SP || Automatic || 22nd Nov'19,Pain Relief Oil || SP || Automatic || 22nd Nov'19,1698,1,9.12,0,0.0,0.0005889281507656066,9.12,0.0,,0.0,True,0.013788515617912972,0.0,0.013788515617912972,0.00019359719725601447,0.0,0.00019359719725601447,-18.07,-8.532857142857141,-0.8213611680472209,False,0.0,-91.58285714285715,-0.4714045207910317,False,0.0,-6.798440508278784,-0.4400177197856575,False,,,,False
2020-02-12,Pain Relief Oil || SP || Automatic || 22nd Nov'19,Pain Relief Oil || SP || Automatic || 22nd Nov'19,772,2,22.59,0,0.0,0.0025906735751295338,11.295,0.0,,0.0,True,0.04376125995234497,0.0,0.04376125995234497,0.00047953516294006217,0.0,0.00047953516294006217,13.47,3.6342857142857135,0.022828298806368174,False,0.0,-91.58285714285715,-0.447213595499958,False,0.0,-5.8272347213818145,-0.41589621879689626,False,,,,False
2020-02-13,Pain Relief Oil || SP || Automatic || 22nd Nov'19,Pain Relief Oil || SP || Automatic || 22nd Nov'19,732,3,15.61,0,0.0,0.004098360655737705,5.203333333333333,0.0,,0.0,True,0.02500440500408464,0.0,0.02500440500408464,0.00033136537819806864,0.0,0.00033136537819806864,-6.98,-4.452857142857145,-0.41456033685445315,False,0.0,-91.58285714285715,-0.4264014327112209,False,0.0,-5.8272347213818145,-0.39535118477267744,False,,,,False
2020-02-14,Pain Relief Oil || SP || Automatic || 22nd Nov'19,Pain Relief Oil || SP || Automatic || 22nd Nov'19,677,0,0.0,0,0.0,0.0,,,,,False,0.0,0.0,0.0,0.0,0.0,0.0,-15.61,-19.457142857142856,-1.3197436476157793,False,0.0,-91.58285714285715,-0.408248290463863,False,,,,False,,,,False
2020-02-15,Pain Relief Oil || SP || Automatic || 22nd Nov'19,Pain Relief Oil || SP || Automatic || 22nd Nov'19,851,2,14.96,0,0.0,0.0023501762632197414,7.48,0.0,,0.0,True,0.026736247631983418,0.0,0.026736247631983418,0.0003175673323410062,0.0,0.0003175673323410062,14.96,-2.982857142857142,-0.2469907479687348,False,0.0,-45.791428571428575,-0.408248290463863,False,,-1.758503401360544,-0.39535118477267744,False,,,,False
2020-02-16,Pain Relief Oil || SP || Automatic || 22nd Nov'19,Pain Relief Oil || SP || Automatic || 22nd Nov'19,1423,6,56.05,1,1210.72,0.004216444132115249,9.341666666666667,0.16666666666666666,0.04629476675036342,21.600713648528103,False,0.09359449620946464,0.39999999999999997,-0.3064055037905353,0.0011898161081359223,0.017021274202756904,-0.01583145809462098,41.089999999999996,40.309999999999995,1.9888758473654624,False,1210.72,1210.72,3.3786533395305716,True,21.600713648528103,21.600713648528103,1.6624881009406076,False,,,,False
2020-02-17,Pain Relief Oil || SP || Automatic || 22nd Nov'19,Pain Relief Oil || SP || Automatic || 22nd Nov'19,1502,2,21.22,0,0.0,0.0013315579227696406,10.61,0.0,,0.0,True,0.021470344213529755,0.0,0.021470344213529755,0.000450453127825946,0.0,0.000450453127825946,-34.83,0.4314285714285724,0.18060696928656159,False,-1210.72,-172.96,-0.4143909275853085,False,-21.600713648528103,-3.6001189414213504,-0.5270112793946877,False,,,,False
2020-02-18,Pain Relief Oil || SP || Automatic || 22nd Nov'19,Pain Relief Oil || SP || Automatic || 22nd Nov'19,930,1,3.29,0,0.0,0.001075268817204301,3.29,0.0,,0.0,True,0.004207968280360683,0.0,0.004207968280360683,6.983933979959294e-05,0.0,6.983933979959294e-05,-17.93,-16.645714285714288,-1.1991555453360128,False,0.0,-172.96,-0.4143909275853085,False,0.0,-3.6001189414213504,-0.5010123584514655,False,,,,False
2020-02-19,Pain Relief Oil || SP || Automatic || 22nd Nov'19,Pain Relief Oil || SP || Automatic || 22nd Nov'19,1058,4,35.3,1,302.68,0.003780718336483932,8.825,0.25,0.11662481828994316,8.574504249291786,False,0.030240985530587943,0.09147948451364878,-0.06123849898306083,0.0007493400288527752,0.004255318550689226,-0.0035059785218364507,32.01,16.197142857142854,1.0806701744973917,False,302.68,129.72,0.4653224584608693,False,8.574504249291786,4.9743853078704365,0.32722915227725685,False,,,,False
2020-02-20,Pain Relief Oil || SP || Automatic || 22nd Nov'19,Pain Relief Oil || SP || Automatic || 22nd Nov'19,1131,2,11.72,0,0.0,0.0017683465959328027,5.86,0.0,,0.0,True,0.014837321179896189,0.0,0.014837321179896189,0.00024878938068426424,0.0,0.00024878938068426424,-23.58,-9.198571428571425,-0.5896479579854045,False,-302.68,-216.20000000000002,-0.48128117093515904,False,-8.574504249291786,-5.029202982969982,-0.5733470062586618,False,,,,False
2020-02-21,Pain Relief Oil || SP || Automatic || 22nd Nov'19,Pain Relief Oil || SP || Automatic || 22nd Nov'19,909,2,13.48,0,0.0,0.0022002200220022,6.74,0.0,,0.0,True,0.0038287731735928265,0.0,0.0038287731735928265,0.0002861502433126179,0.0,0.0002861502433126179,1.7599999999999998,-6.882857142857141,-0.4818595658641998,False,0.0,-216.20000000000002,-0.4113222249447818,False,0.0,-5.029202982969982,-0.4935134693121628,False,,,,False
2020-02-22,Pain Relief Oil || SP || Automatic || 22nd Nov'19,Pain Relief Oil || SP || Automatic || 22nd Nov'19,1095,1,13.02,0,0.0,0.0009132420091324201,13.02,0.0,,0.0,True,0.0028741277728600223,0.0,0.0028741277728600223,0.0002763854723983891,0.0,0.0002763854723983891,-0.46000000000000085,-9.26857142857143,-0.43148348055056085,False,0.0,-216.20000000000002,-0.34259435491376583,False,0.0,-4.31074541397427,-0.3860085743181074,False,,,,False
2020-02-23,Pain Relief Oil || SP || Automatic || 22nd Nov'19,Pain Relief Oil || SP || Automatic || 22nd Nov'19,573,0,0.0,0,0.0,0.0,,,,,False,0.0,0.0,0.0,0.0,0.0,0.0,-13.02,-22.01142857142857,-1.208562851782734,False,0.0,-216.20000000000002,-0.34259435491376583,False,,,,False,,,,False
2020-02-24,Pain Relief Oil || SP || Automatic || 22nd Nov'19,Pain Relief Oil || SP || Automatic || 22nd Nov'19,307,0,0.0,0,0.0,0.0,,,,,False,0.0,0.0,0.0,0.0,0.0,0.0,0.0,-14.004285714285714,-1.0462402762828091,False,0.0,-43.24,-0.34259435491376583,False,,,,False,,,,False
2020-02-25,Pain Relief Oil || SP || Automatic || 22nd Nov'19,Pain Relief Oil || SP || Automatic || 22nd Nov'19,1424,0,0.0,0,0.0,0.0,,,,,False,0.0,0.0,0.0,0.0,0.0,0.0,0.0,-10.972857142857142,-0.9719401895152419,False,0.0,-43.24,-0.34259435491376583,False,,,,False,,,,False
2020-02-26,Pain Relief Oil || SP || Automatic || 22nd Nov'19,Pain Relief Oil || SP || Automatic || 22nd Nov'19,995,0,0.0,0,0.0,0.0,,,,,False,0.0,0.0,0.0,0.0,0.0,0.0,0.0,-10.502857142857142,-0.8501679643722327,False,0.0,-43.24,-0.34259435491376583,False,,,,False,,,,False
2020-02-27,Pain Relief Oil || SP || Automatic || 22nd Nov'19,Pain Relief Oil || SP || Automatic || 22nd Nov'19,852,2,21.2,0,0.0,0.002347417840375587,10.6,0.0,,0.0,True,0.005631273756936162,0.0,0.005631273756936162,0.00045002857256880557,0.0,0.00045002857256880557,21.2,15.739999999999998,0.486592369083236,False,0.0,0.0,-0.34259435491376583,False,,0.0,-0.4800935559304679,False,,,,False
2020-02-28,Pain Relief Oil || SP || Automatic || 22nd Nov'19,Pain Relief Oil || SP || Automatic || 22nd Nov'19,989,1,9.13,0,0.0,0.0010111223458038423,9.13,0.0,,0.0,True,0.004137380987986641,0.0,0.004137380987986641,0.0001938094748845847,0.0,0.0001938094748845847,-12.069999999999999,2.315714285714286,-0.3351830377845845,False,0.0,0.0,-0.34259435491376583,False,0.0,0.0,-0.450296858969971,False,,,,False
2020-02-29,Pain Relief Oil || SP || Automatic || 22nd Nov'19,Pain Relief Oil || SP || Automatic || 22nd Nov'19,1404,3,27.92,0,0.0,0.002136752136752137,9.306666666666667,0.0,,0.0,True,0.010607943039297263,0.0,0.010607943039297263,0.0005926791389679742,0.0,0.0005926791389679742,18.79,21.72714285714286,0.8148635338025148,False,0.0,0.0,-0.34259435491376583,False,0.0,0.0,-0.450296858969971,False,,,,False
2020-02-01,Pain relief Oil || SP || Generic || 22nd Nov'19,Pain relief Oil || SP || Generic || 22nd Nov'19,2869,6,217.94,0,0.0,0.0020913210177762286,36.32333333333333,0.0,,0.0,True,0.30551194347874844,0.0,0.30551194347874844,0.00462637863705875,0.0,0.00462637863705875,,,,False,,,,False,,,,False,,,,False
2020-02-02,Pain relief Oil || SP || Generic || 22nd Nov'19,Pain relief Oil || SP || Generic || 22nd Nov'19,2692,17,562.35,2,641.08,0.006315007429420505,33.07941176470588,0.11764705882352941,0.87719161415112,1.1400017782519782,False,0.49342365029086854,0.1659135493822368,0.32751010090863175,0.011937432442644709,0.00901281755145979,0.0029246148911849183,344.41,,,False,641.08,,,False,1.1400017782519782,,,False,,,,False
2020-02-03,Pain relief Oil || SP || Generic || 22nd Nov'19,Pain relief Oil || SP || Generic || 22nd Nov'19,2482,5,129.18,0,0.0,0.00201450443190975,25.836000000000002,0.0,,0.0,True,0.2721813699669202,0.0,0.2721813699669202,0.0027422024058697315,0.0,0.0027422024058697315,-433.17,,,False,-641.08,,,False,-1.1400017782519782,,,False,,,,False
2020-02-04,Pain relief Oil || SP || Generic || 22nd Nov'19,Pain relief Oil || SP || Generic || 22nd Nov'19,1852,9,306.05,1,320.54,0.004859611231101512,34.00555555555556,0.1111111111111111,0.9547950333811692,1.0473452050318575,False,0.4973673091299119,0.1610074139559181,0.3363598951739938,0.006496756822390705,0.004506408775729895,0.00199034804666081,176.87,2.8933333333333167,,False,320.54,106.84666666666666,,False,1.0473452050318575,0.6673446122811981,,False,,,,False
2020-02-05,Pain relief Oil || SP || Generic || 22nd Nov'19,Pain relief Oil || SP || Generic || 22nd Nov'19,2755,7,258.06,0,0.0,0.002540834845735027,36.86571428571428,0.0,,0.0,True,0.3711224563169627,0.0,0.3711224563169627,0.005478036482882357,0.0,0.005478036482882357,-47.99000000000001,-45.81999999999999,,False,-320.54,-240.40500000000003,,False,-1.0473452050318575,-0.5468367458209589,,False,,,,False
2020-02-06,Pain relief Oil || SP || Generic || 22nd Nov'19,Pain relief Oil || SP || Generic || 22nd Nov'19,2811,4,100.99,0,0.0,0.001422981145499822,25.2475,0.0,,0.0,True,0.1835247510358363,0.0,0.1835247510358363,0.002143791770930362,0.0,0.002143791770930362,-157.07,-193.726,,False,0.0,-192.324,,False,0.0,-0.4374693966567671,,False,,,,False
2020-02-07,Pain relief Oil || SP || Generic || 22nd Nov'19,Pain relief Oil || SP || Generic || 22nd Nov'19,2757,6,234.35,0,0.0,0.002176278563656148,39.05833333333333,0.0,,0.0,True,0.3878554169011287,0.0,0.3878554169011287,0.004974726225542433,0.0,0.004974726225542433,133.36,-28.078333333333347,-0.17119382811234085,False,0.0,-160.27,-0.5883484054145521,False,0.0,-0.3645578305473059,-0.63166261486205,False,,,,False
2020-02-08,Pain relief Oil || SP || Generic || 22nd Nov'19,Pain relief Oil || SP || Generic || 22nd Nov'19,3009,11,295.37,2,641.08,0.0036556995679627785,26.85181818181818,0.18181818181818182,0.4607381294066263,2.1704303077496023,False,0.5003048883769775,0.18181818181818182,0.3184867065587957,0.006270044315077741,0.00901281755145979,-0.00274277323638205,61.02000000000001,36.95285714285711,0.24482079095913065,False,641.08,503.7057142857143,1.6045149064768403,False,2.1704303077496023,1.8579521672804828,2.113465666717652,False,,,,False
2020-02-09,Pain relief Oil || SP || Generic || 22nd Nov'19,Pain relief Oil || SP || Generic || 22nd Nov'19,3530,7,187.36,0,0.0,0.00198300283286119,26.76571428571429,0.0,,0.0,True,0.24513934318984693,0.0,0.24513934318984693,0.003977233648891105,0.0,0.003977233648891105,-108.00999999999999,-82.11857142857139,-0.530633895906301,False,-641.08,-228.95714285714286,-0.6681531047810609,False,-2.1704303077496023,-0.6225396130047768,-0.6497959180745049,False,,,,False
2020-02-10,Pain relief Oil || SP || Generic || 22nd Nov'19,Pain relief Oil || SP || Generic || 22nd Nov'19,2738,11,359.73,0,0.0,0.004017531044558071,32.70272727272727,0.0,,0.0,True,0.4830341197480966,0.0,0.4830341197480966,0.0076362631325554925,0.0,0.0076362631325554925,172.37,143.82142857142858,0.7608260039899706,False,0.0,-137.37428571428572,-0.6201736729460422,False,0.0,-0.45968221611163707,-0.6038343409872672,False,,,,False
2020-02-11,Pain relief Oil || SP || Generic || 22nd Nov'19,Pain relief Oil || SP || Generic || 22nd Nov'19,2500,10,315.03,1,320.54,0.004,31.502999999999997,0.1,0.9828102576901477,1.017490397739898,False,0.4762934292885004,0.33333333333333337,0.142960095955167,0.006687382132846737,0.004506408775729895,0.0021809733571168414,-44.700000000000045,66.18571428571425,0.3798477809656118,False,320.54,183.1657142857143,0.5812381937190964,False,1.017490397739898,0.5578081816282608,0.746798878101003,False,,,,False
2020-02-12,Pain relief Oil || SP || Generic || 22nd Nov'19,Pain relief Oil || SP || Generic || 22nd Nov'19,2554,6,142.39,2,623.22,0.0023492560689115116,23.731666666666666,0.3333333333333333,0.22847469593402006,4.376852307044034,False,0.2758373530152457,0.3227012416764185,-0.0468638886611728,0.003022621153210954,0.008761727326419121,-0.005739106173208167,-172.64,-107.73714285714289,-0.9754476676065199,False,302.68,485.84571428571434,1.521677313715694,False,3.3593619093041363,3.921435063402677,2.805038862429377,True,-0.7543355617561277,,,False
2020-02-13,Pain relief Oil || SP || Generic || 22nd Nov'19,Pain relief Oil || SP || Generic || 22nd Nov'19,2816,4,131.38,0,0.0,0.0014204545454545455,32.845,0.0,,0.0,True,0.2104470678690993,0.0,0.2104470678690993,0.0027889034841551735,0.0,0.0027889034841551735,-11.009999999999991,-102.22285714285718,-0.9834186387623587,False,-623.22,-226.40571428571428,-0.7375082444413474,False,-4.376852307044034,-1.080681858933362,-0.605046714733697,False,,,,False
2020-02-14,Pain relief Oil || SP || Generic || 22nd Nov'19,Pain relief Oil || SP || Generic || 22nd Nov'19,2043,3,102.42,1,605.36,0.0014684287812041115,34.14,0.3333333333333333,0.16918858200079293,5.910564342901777,False,0.14485948262449969,0.19999999999999998,-0.0551405173755003,0.0021741474718158997,0.008510637101378452,-0.006336489629562552,-28.959999999999994,-135.52428571428572,-1.1218872545930698,False,605.36,378.95428571428573,1.373600409560847,False,5.910564342901777,4.829882483968415,2.681352134952354,True,,-0.3881524456761385,,False
2020-02-15,Pain relief Oil || SP || Generic || 22nd Nov'19,Pain relief Oil || SP || Generic || 22nd Nov'19,2359,8,254.4,0,0.0,0.003391267486222976,31.8,0.0,,0.0,True,0.45465918432998537,0.0,0.45465918432998537,0.0054003428708256675,0.0,0.0054003428708256675,151.98000000000002,35.30285714285711,0.10736509213346265,False,-605.36,-312.88571428571424,-0.8132936911985732,False,-5.910564342901777,-1.925048193633616,-0.6260272278402417,False,,,,False
2020-02-16,Pain relief Oil || SP || Generic || 22nd Nov'19,Pain relief Oil || SP || Generic || 22nd Nov'19,2473,2,52.42,0,0.0,0.0008087343307723412,26.21,0.0,,0.0,True,0.08753297932738871,0.0,0.08753297932738871,0.001112759328964943,0.0,0.001112759328964943,-201.98000000000002,-160.82428571428574,-1.6435230015896385,False,0.0,-221.30285714285714,-0.6991851211231803,False,0.0,-1.6149867210979585,-0.573086013966555,False,,,,False
2020-02-17,Pain relief Oil || SP || Generic || 22nd Nov'19,Pain relief Oil || SP || Generic || 22nd Nov'19,2928,12,304.86,0,0.0,0.004098360655737705,25.405,0.0,,0.0,True,0.30845660400267116,0.0,0.30845660400267116,0.006471495784590853,0.0,0.006471495784590853,252.44,110.89285714285717,0.9336638349795607,False,0.0,-221.30285714285714,-0.6991851211231803,False,0.0,-1.6149867210979585,-0.573086013966555,False,,,,False
2020-02-18,Pain relief Oil || SP || Generic || 22nd Nov'19,Pain relief Oil || SP || Generic || 22nd Nov'19,2556,6,184.79,1,265.18,0.002347417840375587,30.798333333333332,0.16666666666666666,0.6968474243909797,1.4350343633313491,False,0.23634968344311566,0.1282661481459984,0.10808353529711726,0.003922678298348565,0.0037281134309229847,0.00019456486742558052,-120.07000000000002,-1.3385714285714414,-0.265445330163056,False,265.18,43.87714285714287,0.3525413452698989,False,1.4350343633313491,-0.17995235776660934,0.20408710071931022,False,,0.23668957918265948,,False
2020-02-19,Pain relief Oil || SP || Generic || 22nd Nov'19,Pain relief Oil || SP || Generic || 22nd Nov'19,2255,9,331.93,0,0.0,0.003991130820399113,36.88111111111111,0.0,,0.0,True,0.2843594993532027,0.0,0.2843594993532027,0.007046131325130361,0.0,0.007046131325130361,147.14000000000001,164.40714285714284,1.2365339753120712,False,-265.18,-213.3942857142857,-0.6885652897440255,False,-1.4350343633313491,-1.6746358590395942,-0.5874421404311448,False,,,,False
2020-02-20,Pain relief Oil || SP || Generic || 22nd Nov'19,Pain relief Oil || SP || Generic || 22nd Nov'19,2429,7,170.02,0,0.0,0.002881844380403458,24.28857142857143,0.0,,0.0,True,0.21524243575136093,0.0,0.21524243575136093,0.0036091442409503928,0.0,0.0036091442409503928,-161.91,-24.579999999999984,-0.5386052747952185,False,0.0,-124.36285714285714,-0.6885652897440255,False,0.0,-1.0493712437475895,-0.5874421404311448,False,,,,False
2020-02-21,Pain relief Oil || SP || Generic || 22nd Nov'19,Pain relief Oil || SP || Generic || 22nd Nov'19,2457,2,108.57,0,0.0,0.000814000814000814,54.285,0.0,,0.0,True,0.030837529930042518,0.0,0.030837529930042518,0.002304698213386567,0.0,0.002304698213386567,-61.45000000000002,-91.55000000000004,-1.0664305821456534,False,0.0,-124.36285714285714,-0.6885652897440255,False,0.0,-1.0493712437475895,-0.5874421404311448,False,,,,False
2020-02-22,Pain relief Oil || SP || Generic || 22nd Nov'19,Pain relief Oil || SP || Generic || 22nd Nov'19,2654,6,297.23,0,0.0,0.002260738507912585,49.538333333333334,0.0,,0.0,True,0.06561267265185748,0.0,0.06561267265185748,0.006309527953991797,0.0,0.006309527953991797,188.66000000000003,96.23142857142858,0.913646116409419,False,0.0,-37.88285714285714,-0.5825564832195742,False,0.0,-0.2050049090473356,-0.5042601984844544,False,,,,False
2020-02-23,Pain relief Oil || SP || Generic || 22nd Nov'19,Pain relief Oil || SP || Generic || 22nd Nov'19,1497,4,228.69,0,0.0,0.0026720106880427524,57.1725,0.0,,0.0,True,0.06367498997638883,0.0,0.06367498997638883,0.004854577087771705,0.0,0.004854577087771705,-68.54000000000002,21.572857142857117,0.1634768227129053,False,0.0,-37.88285714285714,-0.5825564832195742,False,0.0,-0.2050049090473356,-0.5042601984844544,False,,,,False
2020-02-24,Pain relief Oil || SP || Generic || 22nd Nov'19,Pain relief Oil || SP || Generic || 22nd Nov'19,1555,4,155.97,0,0.0,0.002572347266881029,38.9925,0.0,,0.0,True,0.039968224275116274,0.0,0.039968224275116274,0.003310894172809274,0.0,0.003310894172809274,-72.72,-76.32857142857145,-0.490605241101564,False,0.0,-37.88285714285714,-0.5825564832195742,False,0.0,-0.2050049090473356,-0.5042601984844544,False,,,,False
2020-02-25,Pain relief Oil || SP || Generic || 22nd Nov'19,Pain relief Oil || SP || Generic || 22nd Nov'19,1805,3,143.83,0,0.0,0.0016620498614958448,47.943333333333335,0.0,,0.0,True,0.028757602779988244,0.0,0.028757602779988244,0.003053189131725062,0.0,0.003053189131725062,-12.139999999999986,-67.19857142857143,-0.521858368628861,False,0.0,-37.88285714285714,-0.4892642408313757,False,0.0,-0.2050049090473356,-0.46025384436402966,False,,,,False
2020-02-26,Pain relief Oil || SP || Generic || 22nd Nov'19,Pain relief Oil || SP || Generic || 22nd Nov'19,1110,3,60.67,0,0.0,0.002702702702702703,20.223333333333333,0.0,,0.0,True,0.016523996154296592,0.0,0.016523996154296592,0.0012878883725353507,0.0,0.0012878883725353507,-83.16000000000001,-144.50714285714287,-1.3751612405458995,False,0.0,0.0,-0.3761178988520096,False,0.0,0.0,-0.34102574157239124,False,,,,False
2020-02-27,Pain relief Oil || SP || Generic || 22nd Nov'19,Pain relief Oil || SP || Generic || 22nd Nov'19,1568,2,92.84,0,0.0,0.0012755102040816326,46.42,0.0,,0.0,True,0.02466072903745063,0.0,0.02466072903745063,0.001970785503645656,0.0,0.001970785503645656,32.17,-73.58571428571432,-0.9515874286007948,False,0.0,0.0,-0.3761178988520096,False,0.0,0.0,-0.34102574157239124,False,,,,False
2020-02-28,Pain relief Oil || SP || Generic || 22nd Nov'19,Pain relief Oil || SP || Generic || 22nd Nov'19,1981,10,509.1,2,605.36,0.005047955577990914,50.910000000000004,0.2,0.8409871811814458,1.189078766450599,False,0.23070543931916745,0.07251505140116386,0.1581903879180036,0.010807054070508441,0.008510637101378452,0.002296416969129989,416.26,353.7,2.5055207896371443,True,605.36,605.36,3.285533762745086,True,1.189078766450599,1.189078766450599,2.170541775233036,False,,,,False
2020-02-29,Pain relief Oil || SP || Generic || 22nd Nov'19,Pain relief Oil || SP || Generic || 22nd Nov'19,2361,6,260.96,1,302.68,0.0025412960609911056,43.49333333333333,0.16666666666666666,0.8621646623496761,1.1598712446351933,False,0.09914931287732856,0.14427073403241183,-0.045121421155083274,0.005539596995167712,0.004255318550689226,0.001284278444478486,-248.14000000000004,48.34142857142854,0.44422300770414386,False,-302.68,216.2,1.2488009756708756,False,-0.029207521815405757,0.9900028494279649,1.708447844550016,False,0.021177481168230372,,,False
2020-02-01,Pain relief Oil || SP || Generic-New || 18th Jan'19,Pain relief Oil || SP || Generic-New || 18th Jan'19,782,13,201.68,3,961.62,0.016624040920716114,15.513846153846155,0.23076923076923078,0.20972941494561262,4.768048393494645,False,0.2827184030503533,1.0,-0.7172815969496467,0.004281215213003619,0.013519226327189684,-0.009238011114186064,,,,False,,,,False,,,,False,,,,False
2020-02-02,Pain relief Oil || SP || Generic-New || 18th Jan'19,Pain relief Oil || SP || Generic-New || 18th Jan'19,743,9,44.86,2,1282.16,0.012113055181695828,4.984444444444445,0.2222222222222222,0.034987833031758904,28.58136424431565,False,0.03936158078073862,0.3318270987644736,-0.292465517983735,0.0009522774417658783,0.01802563510291958,-0.017073357661153702,-156.82,,,False,320.5400000000001,,,False,23.813315850821006,,,False,-0.17474158191385372,,,False
2020-02-03,Pain relief Oil || SP || Generic-New || 18th Jan'19,Pain relief Oil || SP || Generic-New || 18th Jan'19,759,17,53.87,3,1226.8,0.022397891963109356,3.1688235294117644,0.17647058823529413,0.0439109879360939,22.773343233710786,False,0.11350371884283937,0.612456816502586,-0.4989530976597466,0.0011435395851076206,0.017247339758112667,-0.016103800173005046,9.009999999999998,,,False,-55.36000000000013,,,False,-5.808021010604865,,,False,0.008923154904334998,,,False
2020-02-04,Pain relief Oil || SP || Generic-New || 18th Jan'19,Pain relief Oil || SP || Generic-New || 18th Jan'19,782,19,88.02,4,1282.16,0.024296675191815855,4.632631578947368,0.21052631578947367,0.0686497784987833,14.56668938877528,False,0.14304287060811907,0.6440296558236724,-0.5009867852155534,0.001868467686674824,0.01802563510291958,-0.016157167416244757,34.15,-12.116666666666674,,False,55.36000000000013,125.30000000000018,,False,-8.206653844935506,-4.140895901731746,,False,0.0247387905626894,-0.027559633472371836,,False
2020-02-05,Pain relief Oil || SP || Generic-New || 18th Jan'19,Pain relief Oil || SP || Generic-New || 18th Jan'19,604,18,175.45,6,1923.24,0.029801324503311258,9.747222222222222,0.3333333333333333,0.09122626401281171,10.961755485893418,False,0.252318976055224,0.8320743451963761,-0.5797553691411521,0.0037244109932640062,0.027038452654379368,-0.02331404166111536,87.42999999999999,78.34249999999999,,False,641.0799999999999,735.0550000000001,,False,-3.6049339028818626,-6.710605829180674,,False,0.02257648551402841,0.0019067604097495333,,False
2020-02-06,Pain relief Oil || SP || Generic-New || 18th Jan'19,Pain relief Oil || SP || Generic-New || 18th Jan'19,578,20,159.39,5,1602.7,0.03460207612456748,7.969499999999999,0.25,0.09945092656142758,10.0552104899931,False,0.2896525405248237,0.8050370697795904,-0.5153845292547667,0.003383493121780279,0.022532043878649474,-0.019148550756869196,-16.060000000000002,46.61399999999999,,False,-320.53999999999996,267.50400000000013,,False,-0.9065449959003189,-6.27502965924486,,False,0.008224662548615869,0.009750070876415481,,False
2020-02-07,Pain relief Oil || SP || Generic-New || 18th Jan'19,Pain relief Oil || SP || Generic-New || 18th Jan'19,516,15,151.34,3,961.62,0.029069767441860465,10.089333333333334,0.2,0.1573802541544477,6.354037267080745,False,0.2504716824997517,0.7500000000000001,-0.4995283175002484,0.0032126096307812753,0.013519226327189684,-0.010306616696408408,-8.049999999999983,30.795,0.45898512820145815,False,-641.08,-418.15999999999997,-1.1236510912780613,False,-3.701173222912354,-8.9303646056164,-0.9459184617919878,False,0.05792932759302012,0.0660543866566997,0.9717747866363335,False
2020-02-08,Pain relief Oil || SP || Generic-New || 18th Jan'19,Pain relief Oil || SP || Generic-New || 18th Jan'19,595,17,60.23,7,2564.32,0.02857142857142857,3.5429411764705883,0.4117647058823529,0.023487708242341046,42.57546073385357,False,0.10201903858531793,0.7272727272727273,-0.6252536886874094,0.0012785481568782623,0.03605127020583916,-0.0347727220489609,-91.11000000000001,-64.71428571428572,-0.9780512253960975,False,1602.7000000000003,1244.2771428571432,2.141935983189835,False,36.22142346677282,28.566825233387334,2.064755448579304,False,-0.13389254591210664,-0.07727450020636406,-1.1232871423251392,False
2020-02-09,Pain relief Oil || SP || Generic-New || 18th Jan'19,Pain relief Oil || SP || Generic-New || 18th Jan'19,670,22,190.38,7,2145.56,0.03283582089552239,8.653636363636364,0.3181818181818182,0.08873207927067991,11.269881290051476,False,0.2490906712024074,1.0,-0.7509093287975925,0.004041341492719302,0.030164005780417523,-0.02612266428769822,130.15,85.64285714285712,1.1026018135929598,False,-418.7600000000002,596.56,1.13773476426496,False,-31.305579443802092,-8.139813116180314,-0.4841361574158745,False,0.06524437102833887,0.014575828922442177,-0.037130501288577526,False
2020-02-10,Pain relief Oil || SP || Generic-New || 18th Jan'19,Pain relief Oil || SP || Generic-New || 18th Jan'19,584,7,60.87,3,961.62,0.011986301369863013,8.695714285714285,0.42857142857142855,0.06329943220814875,15.79793001478561,False,0.08173431982060612,0.7124377667140825,-0.6307034468934765,0.0012921339251067544,0.013519226327189684,-0.01222709240208293,-129.51,-64.65571428571431,-0.9714698140790454,False,-1183.94,-710.7228571428572,-1.0048138933877888,False,4.528048724734134,-1.1386953979798733,-0.08844460758122152,False,-0.025432647062531163,-0.018534567602791985,-0.4550066017148155,False
2020-02-11,Pain relief Oil || SP || Generic-New || 18th Jan'19,Pain relief Oil || SP || Generic-New || 18th Jan'19,545,11,40.1,2,641.08,0.02018348623853211,3.6454545454545455,0.18181818181818182,0.06255069570100455,15.98703241895262,False,0.060627135556832266,0.6666666666666667,-0.6060395311098344,0.0008512332905664672,0.00901281755145979,-0.008161584260893324,-20.769999999999996,-86.42571428571426,-1.170070614600283,False,-320.53999999999996,-993.3800000000002,-1.3830618705275137,False,0.1891024041670093,0.04689460889073516,-0.06791429764977408,False,-0.0007487365071442015,-0.022053081863086882,-0.44253890041234234,False
2020-02-12,Pain relief Oil || SP || Generic-New || 18th Jan'19,Pain relief Oil || SP || Generic-New || 18th Jan'19,359,24,140.01,5,1308.04,0.06685236768802229,5.833749999999999,0.20833333333333334,0.10703801106999786,9.34247553746161,False,0.2712268262916255,0.6772987583235814,-0.40607193203195596,0.0029720990776112483,0.018389476929574253,-0.015417377851963005,99.91,20.330000000000013,0.44390711067688643,False,666.9599999999999,-234.83714285714314,-0.18111146334660258,False,-6.64455688149101,-6.800568419768464,-0.6583580838723002,False,0.04448731536899331,0.02330553104844625,0.38566347959190506,False
2020-02-13,Pain relief Oil || SP || Generic-New || 18th Jan'19,Pain relief Oil || SP || Generic-New || 18th Jan'19,334,13,149.87,1,320.54,0.038922155688622756,11.528461538461539,0.07692307692307693,0.4675547513570849,2.1387869486888635,False,0.24006471351455255,0.323767966627274,-0.08370325311272142,0.0031814048193814573,0.004506408775729895,-0.0013250039563484379,9.860000000000014,35.25285714285715,0.5789814888619503,False,-987.5,-1134.4514285714288,-1.6958204406551662,False,-7.203688588772746,-13.77293130162238,-1.223848413142606,False,0.360516740287087,0.38156345032736383,3.1232686559712652,True
2020-02-14,Pain relief Oil || SP || Generic-New || 18th Jan'19,Pain relief Oil || SP || Generic-New || 18th Jan'19,301,18,155.01,6,2421.44,0.059800664451827246,8.611666666666666,0.3333333333333333,0.064015627064887,15.621185729952908,False,0.21924105059191265,0.7999999999999999,-0.5807589494080873,0.0032905155204665353,0.03404254840551381,-0.030752032885047274,5.139999999999986,41.75285714285714,0.6341284262387712,False,2100.9,1149.6142857142856,1.6070300028188371,False,13.482398781264044,0.8403851283994115,0.055683372461039084,False,-0.4035391242921979,-0.07456193464992797,-0.44908746343272643,False
2020-02-15,Pain relief Oil || SP || Generic-New || 18th Jan'19,Pain relief Oil || SP || Generic-New || 18th Jan'19,365,15,26.52,5,1816.08,0.0410958904109589,1.768,0.3333333333333333,0.014602880930355491,68.47963800904978,False,0.04739607534760697,0.6055376243698152,-0.5581415490222082,0.0005629602709681474,0.025531911304135353,-0.024968951033167205,-128.48999999999998,-87.26142857142857,-1.434669700161475,False,-605.3600000000001,335.7085714285713,0.5619501080064483,False,52.85845227909687,52.3749590556574,2.929208703913909,True,-0.04941274613453151,-0.11063687691452222,-0.7799406432111636,False
2020-02-16,Pain relief Oil || SP || Generic-New || 18th Jan'19,Pain relief Oil || SP || Generic-New || 18th Jan'19,398,11,65.12,5,1816.08,0.02763819095477387,5.920000000000001,0.45454545454545453,0.035857451213602926,27.888206388206385,False,0.10873993921784725,0.6,-0.49126006078215273,0.001382351917249086,0.025531911304135353,-0.024149559386886267,38.60000000000001,-43.845714285714266,-0.7905700654308561,False,0.0,442.5999999999999,0.49828454466305067,False,-40.591431620843395,8.082930681214549,0.5000521802710979,False,0.021254570283247433,-0.08811304558670544,-0.5844385136555428,False
2020-02-17,Pain relief Oil || SP || Generic-New || 18th Jan'19,Pain relief Oil || SP || Generic-New || 18th Jan'19,301,15,119.23,3,1210.72,0.04983388704318937,7.948666666666667,0.2,0.09847859125148672,10.154491319298835,False,0.12063662302446526,0.6717862215909091,-0.5511495985664439,0.002530986165442391,0.017021274202756904,-0.014490288037314513,54.11,28.15857142857145,0.11925136830615037,False,-605.3599999999999,-115.69142857142879,-0.45199196348537324,False,-17.73371506890755,-12.024830830286561,-0.5060451082824492,False,0.0626211400378838,-0.01793838725495349,-0.042404112374716696,False
2020-02-18,Pain relief Oil || SP || Generic-New || 18th Jan'19,Pain relief Oil || SP || Generic-New || 18th Jan'19,323,16,90.54,4,1210.72,0.04953560371517028,5.65875,0.25,0.07478194793180917,13.372211177380162,False,0.11580226386135449,0.5856187905698891,-0.4698165267085346,0.0019219616490745123,0.017021274202756904,-0.015099312553682392,-28.689999999999998,-8.868571428571428,-0.43113322847781316,False,0.0,-151.27714285714274,-0.44258078126627365,False,3.2177198580813275,-8.000905444278551,-0.3090154686706277,False,-0.02369664331967755,-0.046660624723679336,-0.26791944358834546,False
2020-02-19,Pain relief Oil || SP || Generic-New || 18th Jan'19,Pain relief Oil || SP || Generic-New || 18th Jan'19,399,8,20.99,6,2118.76,0.020050125313283207,2.62375,0.75,0.00990673790330193,100.9414006669843,False,0.017981821141275948,0.6403563915955415,-0.6223745704542655,0.00044557074236883156,0.029787229854824585,-0.029341659112455752,-69.55000000000001,-85.62428571428573,-1.4917879640300116,False,908.0400000000002,675.3857142857146,0.9419138324238251,False,87.56918948960413,79.94182993697879,2.8258003187084304,True,-0.06487521002850724,-0.11328315649944437,-0.7997012538649738,False
2020-02-20,Pain relief Oil || SP || Generic-New || 18th Jan'19,Pain relief Oil || SP || Generic-New || 18th Jan'19,286,17,45.63,9,3824.12,0.05944055944055944,2.6841176470588235,0.5294117647058824,0.011932156940681778,83.80714442252903,False,0.0577668059248006,0.8660398039695266,-0.8082729980447261,0.000968622819165783,0.05376255046934612,-0.05279392765018033,24.640000000000004,-43.98142857142859,-0.9003605566217022,False,1705.3599999999997,2264.9285714285716,2.4448768503104903,False,-17.13425624445526,49.72201295973458,1.7598476110944143,False,0.002025419037379848,-0.09738184129539366,-0.7100906731650689,False
2020-02-21,Pain relief Oil || SP || Generic-New || 18th Jan'19,Pain relief Oil || SP || Generic-New || 18th Jan'19,317,8,63.5,4,1513.4,0.025236593059936908,7.9375,0.5,0.04195850403065944,23.833070866141735,False,0.01803613475690983,0.35660679235324194,-0.3385706575963321,0.001347962941420715,0.021276592753446132,-0.01992862981202542,17.869999999999997,-11.220000000000013,-0.468012522224098,False,-2310.72,-546.3028571428572,-0.2223305745919745,False,-59.974073556387296,-21.91896880720132,-0.2580559001023408,False,0.030026347089977663,-0.0022665521459298496,-0.37116479812232084,False
2020-02-22,Pain relief Oil || SP || Generic-New || 18th Jan'19,Pain relief Oil || SP || Generic-New || 18th Jan'19,318,11,82.77,2,605.36,0.03459119496855346,7.524545454545454,0.18181818181818182,0.13672855821329455,7.313761024525795,False,0.018271240841752998,0.18438951584654512,-0.16611827500479212,0.0017570219316754734,0.008510637101378452,-0.006753615169702978,19.269999999999996,21.122857142857136,-0.1279978992408906,False,-908.0400000000001,-1324.622857142857,-1.1024239919982581,False,-16.51930984161594,-39.61140509684423,-0.7176253523086004,False,0.09477005418263511,0.09565451961302349,0.4116875541082628,False
2020-02-23,Pain relief Oil || SP || Generic-New || 18th Jan'19,Pain relief Oil || SP || Generic-New || 18th Jan'19,391,4,19.13,3,1210.72,0.010230179028132993,4.7825,0.75,0.01580051539579754,63.289074751698905,False,0.005326435603866886,0.665929629446287,-0.6606031938424201,0.00040608710345477596,0.017021274202756904,-0.01661518709930213,-63.64,-50.55285714285715,-1.2663618388788414,False,605.36,-546.3028571428572,-0.3348275973364321,False,55.97531372717311,25.10189105668944,0.9865423382382452,False,-0.120928042817497,-0.04272004853060767,-0.626088982075075,False
2020-02-24,Pain relief Oil || SP || Generic-New || 18th Jan'19,Pain relief Oil || SP || Generic-New || 18th Jan'19,226,5,60.98,1,302.68,0.022123893805309734,12.196,0.2,0.20146689573146556,4.963594621187275,False,0.01562648147910874,0.2510179879085428,-0.23539150642943404,0.0012944689790210266,0.004255318550689226,-0.0029608495716681995,41.849999999999994,-2.132857142857148,-0.35221249666526333,False,-908.04,-1367.8628571428571,-1.270159230134132,False,-58.32548013051163,-38.28085598289255,-0.8553135354772778,False,0.185666380335668,0.1458116083504611,0.9118422860553067,False
2020-02-25,Pain relief Oil || SP || Generic-New || 18th Jan'19,Pain relief Oil || SP || Generic-New || 18th Jan'19,354,17,121.2,1,302.68,0.0480225988700565,7.129411764705883,0.058823529411764705,0.4004228888595216,2.4973597359735975,False,0.02423292398619603,1.0,-0.975767076013804,0.002572804858270719,0.004255318550689226,-0.0016825136924185071,60.220000000000006,66.40857142857143,0.8354797656563192,False,0.0,-1238.142857142857,-1.2093387363694292,False,-2.466234885213677,-40.00553419694743,-0.8841348516932198,False,0.19895599312805604,0.33005498655280585,2.0149177977822132,False
2020-02-26,Pain relief Oil || SP || Generic-New || 18th Jan'19,Pain relief Oil || SP || Generic-New || 18th Jan'19,217,13,52.19,2,605.36,0.059907834101382486,4.014615384615384,0.15384615384615385,0.08621316241575261,11.599156926614295,False,0.014214395241350571,0.40556329724514956,-0.39134890200379896,0.0011078769435078283,0.008510637101378452,-0.007402760157870624,-69.01,-6.98142857142858,-0.5608724986344641,False,302.68,-805.7428571428574,-0.8092056954222787,False,9.101797190640697,-29.3501868003915,-0.6085031695217837,False,-0.314209726443769,-0.030674874309207747,-0.23198858554801702,False
2020-02-27,Pain relief Oil || SP || Generic-New || 18th Jan'19,Pain relief Oil || SP || Generic-New || 18th Jan'19,295,17,146.21,4,1183.93,0.0576271186440678,8.600588235294119,0.23529411764705882,0.12349547692853463,8.097462553860884,False,0.038837195094416806,0.4968608623395808,-0.458023667245164,0.0031037112073247675,0.0166446388651959,-0.013540927657871134,94.02000000000001,82.58142857142857,1.6197224928276848,False,578.57,-10.972857142857038,-0.2799103006992332,False,-3.501694372753411,-20.088703495949204,-0.7388735911956474,False,0.03728231451278202,-0.004293477583918681,0.29331326088963794,False
2020-02-28,Pain relief Oil || SP || Generic-New || 18th Jan'19,Pain relief Oil || SP || Generic-New || 18th Jan'19,561,21,118.3,8,2973.22,0.0374331550802139,5.633333333333333,0.38095238095238093,0.03978851211817491,25.13288250211327,False,0.05360921915430664,0.35615699935074735,-0.3025477801964407,0.0025112443459853633,0.04179991483177025,-0.03928867048578489,-27.91000000000001,40.302857142857135,1.1367939879299005,False,1789.2899999999997,2155.4871428571428,1.5535045121765796,False,17.035419948252382,7.7623852906843425,-0.22558212124394886,False,-0.08370696481035972,-0.10393805953540022,-0.5175898346637757,False
2020-02-29,Pain relief Oil || SP || Generic-New || 18th Jan'19,Pain relief Oil || SP || Generic-New || 18th Jan'19,448,7,123.83,3,908.04,0.015625,17.69,0.42857142857142855,0.13637064446500155,7.332956472583381,False,0.047048051094419056,0.4328122020972354,-0.38576415100281636,0.002628633874584679,0.012765955652067677,-0.010137321777482998,5.530000000000001,38.004285714285714,1.110833441364182,False,-2065.18,-118.2385714285715,-0.521922711062504,False,-17.79992602952989,-10.223228115412908,-0.6756356743224436,False,0.09658213234682664,-0.007045928343932917,0.35598417060427806,False
2020-02-17,Sunscreen || SP || Automatic || 22nd Nov'19,Sunscreen || SP || Automatic || 22nd Nov'19,744,5,81.55,0,0.0,0.006720430107526882,16.31,0.0,,0.0,True,0.08251209098083655,0.0,0.08251209098083655,0.00173112406098991,0.0,0.00173112406098991,,,,False,,,,False,,,,False,,,,False
2020-02-18,Sunscreen || SP || Automatic || 22nd Nov'19,Sunscreen || SP || Automatic || 22nd Nov'19,2395,19,336.96,0,0.0,0.007933194154488519,17.734736842105264,0.0,,0.0,True,0.4309778090426552,0.0,0.4309778090426552,0.007152906972301166,0.0,0.007152906972301166,255.40999999999997,,,False,0.0,,,False,0.0,,,False,,,,False
2020-02-19,Sunscreen || SP || Automatic || 22nd Nov'19,Sunscreen || SP || Automatic || 22nd Nov'19,2721,23,385.97,1,295.76,0.008452774715178243,16.781304347826087,0.043478260869565216,1.3050108195834462,0.7662771718009171,False,0.3306547644544201,0.08938804129693657,0.24126672315748354,0.008193279629923675,0.004158031632588362,0.004035247997335313,49.01000000000005,,,False,295.76,,,False,0.7662771718009171,,,False,,,,False
2020-02-20,Sunscreen || SP || Automatic || 22nd Nov'19,Sunscreen || SP || Automatic || 22nd Nov'19,2461,17,290.35,0,0.0,0.00690776107273466,17.079411764705885,0.0,,0.0,True,0.3675781744524623,0.0,0.3675781744524623,0.006163480945535506,0.0,0.006163480945535506,-95.62,22.189999999999998,,False,-295.76,-98.58666666666666,,False,-0.7662771718009171,-0.25542572393363905,,False,,,,False
2020-02-21,Sunscreen || SP || Automatic || 22nd Nov'19,Sunscreen || SP || Automatic || 22nd Nov'19,1542,13,206.7,0,0.0,0.008430609597924773,15.899999999999999,0.0,,0.0,True,0.05870974888587813,0.0,0.05870974888587813,0.004387778582545855,0.0,0.004387778582545855,-83.65000000000003,-67.0075,,False,0.0,-73.94,,False,0.0,-0.1915692929502293,,False,,,,False
2020-02-22,Sunscreen || SP || Automatic || 22nd Nov'19,Sunscreen || SP || Automatic || 22nd Nov'19,1722,9,109.37,1,295.76,0.005226480836236934,12.152222222222223,0.1111111111111111,0.36979307546659457,2.7042150498308493,False,0.024143114786305733,0.09008696181904022,-0.06594384703273448,0.0023216804236721824,0.004158031632588362,-0.0018363512089161799,-97.32999999999998,-150.93599999999998,,False,295.76,236.608,,False,2.7042150498308493,2.5509596154706657,,False,,,,False
2020-02-23,Sunscreen || SP || Automatic || 22nd Nov'19,Sunscreen || SP || Automatic || 22nd Nov'19,552,2,21.85,0,0.0,0.0036231884057971015,10.925,0.0,,0.0,True,0.006083775114714662,0.0,0.006083775114714662,0.00046382661842586805,0.0,0.00046382661842586805,-87.52000000000001,-213.3,-1.4240628198775653,False,-295.76,-98.58666666666666,-0.6324555320336758,False,-2.7042150498308493,-0.5784153702719611,-0.5276803226327423,False,,,,False
2020-02-24,Sunscreen || SP || Automatic || 22nd Nov'19,Sunscreen || SP || Automatic || 22nd Nov'19,176,2,21.34,0,0.0,0.011363636363636364,10.67,0.0,,0.0,True,0.00546849975015055,0.0,0.00546849975015055,0.0004530004593687883,0.0,0.0004530004593687883,-0.5100000000000016,-183.3385714285714,-1.192440068802309,False,0.0,-84.50285714285714,-0.5773502691896257,False,0.0,-0.49578460309025235,-0.48522759985997027,False,,,,False
2020-02-25,Sunscreen || SP || Automatic || 22nd Nov'19,Sunscreen || SP || Automatic || 22nd Nov'19,850,3,20.53,0,0.0,0.0035294117647058825,6.843333333333334,0.0,,0.0,True,0.004104801397991786,0.0,0.004104801397991786,0.0004358059714546028,0.0,0.0004358059714546028,-0.8099999999999987,-175.5471428571429,-1.0492897303240913,False,0.0,-84.50285714285714,-0.5345224838248488,False,0.0,-0.49578460309025235,-0.45160792724164794,False,,,,False
2020-02-26,Sunscreen || SP || Automatic || 22nd Nov'19,Sunscreen || SP || Automatic || 22nd Nov'19,435,1,10.66,0,0.0,0.0022988505747126436,10.66,0.0,,0.0,True,0.0029033426570760127,0.0,0.0029033426570760127,0.00022628795205582394,0.0,0.00022628795205582394,-9.870000000000001,-140.21285714285716,-1.0027960800103102,False,0.0,-84.50285714285714,-0.5,False,0.0,-0.49578460309025235,-0.4241296717512367,False,,,,False
2020-02-27,Sunscreen || SP || Automatic || 22nd Nov'19,Sunscreen || SP || Automatic || 22nd Nov'19,821,1,16.1,0,0.0,0.001218026796589525,16.1,0.0,,0.0,True,0.004276580541824161,0.0,0.004276580541824161,0.00034176698199800805,0.0,0.00034176698199800805,5.440000000000001,-81.15714285714287,-0.8819595332423549,False,0.0,-42.25142857142857,-0.4714045207910316,False,0.0,-0.3863164356901213,-0.401125220883729,False,,,,False
2020-02-28,Sunscreen || SP || Automatic || 22nd Nov'19,Sunscreen || SP || Automatic || 22nd Nov'19,1359,4,57.44,0,0.0,0.0029433406916850625,14.36,0.0,,0.0,True,0.026029700323105438,0.0,0.026029700323105438,0.0012193226985071789,0.0,0.0012193226985071789,41.339999999999996,-0.6385714285714315,-0.546863271977443,False,0.0,-42.25142857142857,-0.44721359549995787,False,0.0,-0.3863164356901213,-0.38149902067707525,False,,,,False
2020-02-29,Sunscreen || SP || Automatic || 22nd Nov'19,Sunscreen || SP || Automatic || 22nd Nov'19,763,1,3.86,0,0.0,0.001310615989515072,3.86,0.0,,0.0,True,0.0014665709216220427,0.0,0.0014665709216220427,8.193916462809385e-05,0.0,8.193916462809385e-05,-53.58,-32.89571428571429,-0.8836744250550905,False,0.0,-42.25142857142857,-0.42640143271122083,False,0.0,-0.3863164356901213,-0.3644977150209445,False,,,,False
2020-02-01,Sunscreen || SP || Generic || 24th Nov'19,Sunscreen || SP || Generic || 24th Nov'19,3893,18,255.92,0,0.0,0.0046236835345491905,14.217777777777776,0.0,,0.0,True,0.35875294381518447,0.0,0.35875294381518447,0.005432609070368336,0.0,0.005432609070368336,,,,False,,,,False,,,,False,,,,False
2020-02-02,Sunscreen || SP || Generic || 24th Nov'19,Sunscreen || SP || Generic || 24th Nov'19,5546,30,519.72,4,1940.7,0.005409304002884962,17.324,0.13333333333333333,0.26780027825011593,3.734126067882706,False,0.4560187419385973,0.5022593518532896,-0.04624060991469231,0.011032492912049984,0.02728391935814253,-0.016251426446092544,263.80000000000007,,,False,1940.7,,,False,3.734126067882706,,,False,,,,False
2020-02-03,Sunscreen || SP || Generic || 24th Nov'19,Sunscreen || SP || Generic || 24th Nov'19,6453,12,230.52,2,776.28,0.0018596001859600185,19.21,0.16666666666666666,0.2969547070644613,3.367516918271733,False,0.4857040517477508,0.38754318349741396,0.09816086825033682,0.0048934238938000505,0.01091356774325701,-0.00602014384945696,-289.20000000000005,,,False,-1164.42,,,False,-0.3666091496109729,,,False,0.02915442881434538,,,False
2020-02-04,Sunscreen || SP || Generic || 24th Nov'19,Sunscreen || SP || Generic || 24th Nov'19,3650,14,221.27,1,388.14,0.0038356164383561643,15.805000000000001,0.07142857142857142,0.570077806976864,1.7541465178288966,False,0.359589820261969,0.19496293022040945,0.16462689004155956,0.004697067087372623,0.005456783871628505,-0.0007597167842558821,-9.25,-114.11666666666665,,False,-388.14,-517.52,,False,-1.6133704004428364,-0.6130678108892496,,False,0.27312309991240274,,,False
2020-02-05,Sunscreen || SP || Generic || 24th Nov'19,Sunscreen || SP || Generic || 24th Nov'19,3044,12,247.0,1,388.14,0.003942181340341655,20.583333333333332,0.08333333333333333,0.6363683207090225,1.5714170040485829,False,0.35521679729632566,0.1679256548036238,0.18729114249270187,0.0052432574256837255,0.005456783871628505,-0.0002135264459447797,25.72999999999999,-59.857500000000016,,False,0.0,-388.14,,False,-0.18272951378031377,-0.6425303719472508,,False,0.06629051373215844,0.2580907232785421,,False
2020-02-06,Sunscreen || SP || Generic || 24th Nov'19,Sunscreen || SP || Generic || 24th Nov'19,4300,21,270.05,1,388.14,0.004883720930232558,12.859523809523811,0.047619047619047616,0.6957541093419901,1.4372893908535456,False,0.4907501635531003,0.19496293022040945,0.29578723333269086,0.005732557359538017,0.005456783871628505,0.0002757734879095114,23.05000000000001,-24.836000000000013,,False,0.0,-310.51200000000006,,False,-0.1341276131950373,-0.6481519107528382,,False,0.05938578863296762,0.2529538310918742,,False
2020-02-07,Sunscreen || SP || Generic || 24th Nov'19,Sunscreen || SP || Generic || 24th Nov'19,4173,11,207.93,0,0.0,0.0026359932901988976,18.902727272727272,0.0,,0.0,True,0.34412962166098443,0.0,0.34412962166098443,0.004413888730859988,0.0,0.004413888730859988,-62.120000000000005,-82.81666666666666,-0.708255938091877,False,-388.14,-646.9,-0.8980265101338745,False,-1.4372893908535456,-1.9774159831475773,-1.2540735460250314,False,,,,False
2020-02-08,Sunscreen || SP || Generic || 24th Nov'19,Sunscreen || SP || Generic || 24th Nov'19,3774,12,204.4,0,0.0,0.003179650238473768,17.033333333333335,0.0,,0.0,True,0.34621769030116195,0.0,0.34621769030116195,0.004338954727974711,0.0,0.004338954727974711,-3.530000000000001,-74.51571428571427,-0.6726096427923897,False,0.0,-554.4857142857143,-0.8006407690254357,False,0.0,-1.6949279855550663,-1.0723950285241692,False,,,,False
2020-02-09,Sunscreen || SP || Generic || 24th Nov'19,Sunscreen || SP || Generic || 24th Nov'19,4590,23,365.85,0,0.0,0.005010893246187364,15.906521739130437,0.0,,0.0,True,0.47867329582624624,0.0,0.47867329582624624,0.007766177041240449,0.0,0.007766177041240449,161.45000000000002,94.29428571428576,0.8886997362095951,False,0.0,-554.4857142857143,-0.7293249574894727,False,0.0,-1.6949279855550663,-0.9520639022268831,False,,,,False
2020-02-10,Sunscreen || SP || Generic || 24th Nov'19,Sunscreen || SP || Generic || 24th Nov'19,3766,19,296.94,1,388.14,0.005045140732873075,15.628421052631579,0.05263157894736842,0.7650332354305148,1.3071327540917357,False,0.39872168436883165,0.2875622332859175,0.11115945108291414,0.006303371902763261,0.005456783871628505,0.0008465880311347559,-68.91000000000003,47.36571428571426,0.1637777473045879,False,388.14,110.89714285714285,-0.06917144638660751,False,1.3071327540917357,0.14565134966277027,-0.007635586557584954,False,,0.2152444994074304,,False
2020-02-11,Sunscreen || SP || Generic || 24th Nov'19,Sunscreen || SP || Generic || 24th Nov'19,6116,17,297.17,0,0.0,0.0027795945062132114,17.480588235294118,0.0,,0.0,True,0.4492909195367542,0.0,0.4492909195367542,0.006308254288220376,0.0,0.006308254288220376,0.2300000000000182,38.10714285714289,0.15835462240711606,False,-388.14,-221.7942857142857,-0.7071067811865474,False,-1.3071327540917357,-0.8671408095461086,-0.9151394065749822,False,,,,False
2020-02-12,Sunscreen || SP || Generic || 24th Nov'19,Sunscreen || SP || Generic || 24th Nov'19,4329,12,211.22,0,0.0,0.002772002772002772,17.601666666666667,0.0,,0.0,True,0.40917456074078373,0.0,0.40917456074078373,0.004483728070659581,0.0,0.004483728070659581,-85.95000000000002,-58.68571428571428,-0.7692452725675214,False,0.0,-166.3457142857143,-0.66332495807108,False,0.0,-0.6165484498562662,-0.8471176043503541,False,,,,False
2020-02-13,Sunscreen || SP || Generic || 24th Nov'19,Sunscreen || SP || Generic || 24th Nov'19,6096,18,327.43,2,669.49,0.002952755905511811,18.190555555555555,0.1111111111111111,0.4890737725731527,2.0446813059279845,False,0.5244838136122636,0.6762320333727261,-0.1517482197604625,0.006950606392273774,0.009412228150194693,-0.0024616217579209194,116.21000000000001,62.6357142857143,0.55285805295358,False,669.49,558.5928571428572,0.5546432214016164,False,2.0446813059279845,1.65262099950723,0.6882251077187616,False,,,-0.2395777939915161,False
2020-02-14,Sunscreen || SP || Generic || 24th Nov'19,Sunscreen || SP || Generic || 24th Nov'19,4962,26,449.6,0,0.0,0.005239822652156389,17.292307692307695,0.0,,0.0,True,0.6358994667835878,0.0,0.6358994667835878,0.009544002180515801,0.0,0.009544002180515801,122.17000000000002,176.60857142857145,1.7085332233896702,False,-669.49,-151.09,-0.6883536980818556,False,-2.0446813059279845,-0.4788305800028172,-0.8622016786445472,False,,,,False
2020-02-15,Sunscreen || SP || Generic || 24th Nov'19,Sunscreen || SP || Generic || 24th Nov'19,5516,16,263.66,2,1183.04,0.0029006526468455403,16.47875,0.125,0.22286651338923455,4.486990821512554,False,0.47120849269042436,0.3944623756301849,0.07674611706023948,0.005596911954881665,0.01663212653035345,-0.011035214575471785,-185.94,-43.85571428571427,-0.3296768747446341,False,1183.04,1031.95,1.3710099377470615,False,4.486990821512554,4.008160241509737,2.0633036859691956,False,,,-1.3862960527146566,False
2020-02-16,Sunscreen || SP || Generic || 24th Nov'19,Sunscreen || SP || Generic || 24th Nov'19,9417,24,425.27,0,0.0,0.002548582351067219,17.719583333333333,0.0,,0.0,True,0.7101325852452993,0.0,0.7101325852452993,0.009027530710204526,0.0,0.009027530710204526,161.60999999999996,109.28857142857134,1.8023295403150175,False,-1183.04,-320.0957142857143,-0.8319845325277084,False,-4.486990821512554,-1.1198292687903248,-0.825049501632716,False,,,,False
2020-02-17,Sunscreen || SP || Generic || 24th Nov'19,Sunscreen || SP || Generic || 24th Nov'19,12790,26,461.48,2,591.52,0.002032838154808444,17.74923076923077,0.07692307692307693,0.7801595888558291,1.2817890266100371,False,0.4669243377784973,0.3282137784090909,0.1387105593694064,0.009796188003257189,0.008316063265176725,0.0014801247380804641,36.210000000000036,137.01000000000005,1.8170275178136024,False,591.52,271.4242857142857,0.8889546786037613,False,1.2817890266100371,0.16195975781971228,0.23405388323539641,False,,0.2878350817248618,1.0364151601069886,False
2020-02-18,Sunscreen || SP || Generic || 24th Nov'19,Sunscreen || SP || Generic || 24th Nov'19,10009,9,143.08,1,591.52,0.00089919072834449,15.89777777777778,0.1111111111111111,0.24188531241547204,4.134190662566396,False,0.18300185457568588,0.28611506128411257,-0.10311320670842669,0.003037268309582298,0.008316063265176725,-0.005278794955594426,-318.4,-204.89571428571426,-1.643144952256755,False,0.0,242.36999999999995,0.8270165346561624,False,2.8524016359563586,3.0179819262734564,2.0172379923868022,False,-0.5382742764403571,-0.25548131252393347,-1.3992027967263791,False
2020-02-19,Sunscreen || SP || Generic || 24th Nov'19,Sunscreen || SP || Generic || 24th Nov'19,8138,20,393.1,2,591.52,0.002457606291472106,19.655,0.1,0.664559101974574,1.5047570592724495,False,0.33676292952051334,0.17877608259387315,0.1579868469266402,0.008344633579094221,0.008316063265176725,2.8570313917496495e-05,250.02,67.13714285714292,0.8817266134849548,False,0.0,157.86714285714282,0.7695501662827384,False,-2.629433603293946,-0.20205034310140335,0.23625155029804476,False,0.42267378955910195,0.2310628051661519,0.5143363955488939,False
2020-02-20,Sunscreen || SP || Generic || 24th Nov'19,Sunscreen || SP || Generic || 24th Nov'19,5778,13,264.22,2,591.52,0.002249913464866736,20.324615384615388,0.15384615384615385,0.44667974032999735,2.238740443569752,False,0.33449803772629444,0.13396019603047352,0.20053784169582092,0.005608799502081595,0.008316063265176725,-0.0027072637630951293,-128.88,-87.72571428571422,-0.4542654121672037,False,0.0,73.36428571428564,0.7158276030475977,False,0.7339833842973025,0.31696774701412056,0.6841984868168138,False,-0.21787936164457666,-0.03302911751165516,-0.32281763835326566,False
2020-02-21,Sunscreen || SP || Generic || 24th Nov'19,Sunscreen || SP || Generic || 24th Nov'19,21994,59,1668.7,6,2070.32,0.002682549786305356,28.283050847457627,0.1016949152542373,0.8060106650179681,1.2406783723856896,False,0.47396689872213277,0.48783545285103996,-0.013868554128907196,0.03542276787950783,0.02910622142811854,0.00631654645138929,1404.48,1325.7842857142857,3.485631171819174,True,1478.8000000000002,1563.3028571428572,2.810549788861345,True,-0.9980620711840624,-0.7088170581187658,-0.0425597011290869,False,0.3593309246879708,0.33478061362494665,1.1441705320024969,False
2020-02-22,Sunscreen || SP || Generic || 24th Nov'19,Sunscreen || SP || Generic || 24th Nov'19,14536,63,1726.38,6,2070.32,0.0043340671436433685,27.402857142857144,0.09523809523809523,0.8338710923915144,1.1992261263453006,False,0.38109344888710334,0.6306087327332816,-0.24951528384617822,0.036647185241100694,0.02910622142811854,0.007540963812982155,57.680000000000064,1209.307142857143,2.4688810000853274,False,0.0,1267.5428571428572,2.1206082217216218,False,-0.041452246040388996,-0.9275090716428245,-0.13374368678818171,False,0.027860427373546215,0.30684427206100184,1.1024007039804333,False
2020-02-23,Sunscreen || SP || Generic || 24th Nov'19,Sunscreen || SP || Generic || 24th Nov'19,18177,36,861.54,1,295.76,0.001980524839082357,23.931666666666665,0.027777777777777776,2.9129699756559373,0.34329224412099263,False,0.23988172138815878,0.162676215148865,0.07720550623929379,0.01828856681183626,0.004158031632588362,0.014130535179247897,-864.8400000000001,135.50714285714275,0.6181223420232458,False,-1774.5600000000002,-633.7714285714286,-0.5255049304484983,False,-0.8559338822243079,-1.3137622831289535,-0.7677249605124205,False,2.079098883264423,2.284109058825045,2.866704673420633,True
2020-02-24,Sunscreen || SP || Generic || 24th Nov'19,Sunscreen || SP || Generic || 24th Nov'19,17228,22,530.84,2,591.52,0.0012769909449732992,24.12909090909091,0.09090909090909091,0.8974168244522587,1.1143093964283022,False,0.1360308532038387,0.4905582139806437,-0.354527360776805,0.011268545635020036,0.008316063265176725,0.0029524823698433116,-330.69999999999993,-257.51714285714286,-0.08655191307744457,False,295.76,-380.26285714285723,-0.10402358983158022,False,0.7710171523073095,-0.5917868799817858,-0.20418174500242783,False,-2.0155531512036786,-0.0577453864964973,0.09277442520697439,False
2020-02-25,Sunscreen || SP || Generic || 24th Nov'19,Sunscreen || SP || Generic || 24th Nov'19,22434,45,1137.88,0,0.0,0.0020058839261834715,25.286222222222225,0.0,,0.0,True,0.22750956720637575,0.0,0.22750956720637575,0.024154646799744932,0.0,0.024154646799744932,607.0400000000001,339.61428571428576,1.0046652524273307,False,-591.52,-971.7828571428572,-0.9964851013575761,False,-1.1143093964283022,-1.6821706149555544,-1.0028387727106882,False,,,,False
2020-02-26,Sunscreen || SP || Generic || 24th Nov'19,Sunscreen || SP || Generic || 24th Nov'19,19416,40,978.79,3,887.28,0.0020601565718994645,24.469749999999998,0.075,1.1031354251194663,0.9065070137618897,False,0.26658187235641934,0.5944367027548505,-0.32785483039843116,0.020777522006821755,0.012474094897765086,0.008303427109056669,-159.09000000000015,38.40999999999997,0.587273739660466,False,887.28,0.0,0.25593291897090986,False,0.9065070137618897,-0.18506493511275124,-0.41320018856779495,False,,0.009550858482424651,0.3543399337459713,False
2020-02-27,Sunscreen || SP || Generic || 24th Nov'19,Sunscreen || SP || Generic || 24th Nov'19,25570,46,1167.91,2,887.28,0.0017989831834180682,25.389347826086958,0.043478260869565216,1.3162812190064017,0.7597160740125523,False,0.31022740252185443,0.3723655164888661,-0.06213811396701169,0.024792116518341217,0.012474094897765086,0.01231802162057613,189.12000000000012,143.86000000000013,0.8418796889538467,False,0.0,-42.25142857142873,0.2311603653393392,False,-0.14679093974933743,-0.24639158264629446,-0.4536124947500891,False,0.21314579388693544,0.149600598511878,0.5499743404614322,False
2020-02-28,Sunscreen || SP || Generic || 24th Nov'19,Sunscreen || SP || Generic || 24th Nov'19,26809,40,1023.09,5,2916.94,0.0014920362564810326,25.57725,0.125,0.3507408448579676,2.851107918169467,False,0.463626847206928,0.34941531325840974,0.11421153394851824,0.021717911901387704,0.04100868538802508,-0.019290773486637377,-144.82000000000005,-130.05857142857155,0.4718792887108935,False,2029.66,1945.1571428571428,2.41389589211721,False,2.091391844156915,2.0562894571616486,0.9497205515339217,False,-0.9655403741484341,-0.9608733554159568,-0.7669622576212352,False
2020-02-29,Sunscreen || SP || Generic || 24th Nov'19,Sunscreen || SP || Generic || 24th Nov'19,26895,67,1836.57,3,887.28,0.0024911693623350063,27.411492537313432,0.04477611940298507,2.069887746821747,0.4831179862461001,False,0.697787605576009,0.4229170638703527,0.27487054170565633,0.038986272430315626,0.012474094897765086,0.02651217753255054,813.4799999999999,775.6514285714284,1.7302472466595737,False,-2029.66,-205.4485714285713,-0.048383763055796815,False,-2.367989931923367,-0.5417618384451148,-0.7360154133464386,False,1.7191469019637795,0.8341518499078229,1.4123848506107213,False
